stop,hoping,make,thing,attempt,update,problem,update,could,might,check,need,make,update,stop,area,next,cell,sprint,finally,especially,time,turn,give,another,chance,head,indeed,cell,next,time,stop,got,take,set,yet,stop,hoping,make,thing,attempt,update,problem,update,could,might,check,need,make,update,stop,area,next,cell,sprint,finally,especially,time,turn,give,another,chance,head,indeed,cell,next,time,stop,got,take,set,yet
stop,hoping,make,thing,attempt,update,problem,update,could,might,check,need,make,update,stop,area,next,cell,sprint,finally,especially,time,turn,give,another,chance,head,indeed,cell,next,time,stop,got,take,set,yet,stop,hoping,make,thing,attempt,update,problem,update,could,might,check,need,make,update,stop,area,next,cell,sprint,finally,especially,time,turn,give,another,chance,head,indeed,cell,next,time,stop,got,take,set,yet,stop,hoping,make,thing,attempt,update,problem,update,could,might,check,need,make,update,stop,area,next,cell,sprint,finally,especially,time,turn,give,another,chance,head,indeed,cell,next,time,stop,got,take,set,yet,stop,hoping,make,thing,attempt,update,problem,update,could,might,check,need,make,update,stop,area,next,cell,sprint,finally,especially,time,turn,give,another,chance,head,indeed,cell,next,time,stop,got,take,set,yet
stop,hoping,make,thing,attempt,update,problem,update,could,might,check,need,make,update,stop,area,next,cell,sprint,finally,especially,time,turn,give,another,chance,head,indeed,cell,next,time,stop,got,take,set,yet,stop,hoping,make,thing,attempt,update,problem,update,could,might,check,need,make,update,stop,area,next,cell,sprint,finally,especially,time,turn,give,another,chance,head,indeed,cell,next,time,stop,got,take,set,yet,stop,hoping,make,thing,attempt,update,problem,update,could,might,check,need,make,update,stop,area,next,cell,sprint,finally,especially,time,turn,give,another,chance,head,indeed,cell,next,time,stop,got,take,set,yet,stop,hoping,make,thing,attempt,update,problem,update,could,might,check,need,make,update,stop,area,next,cell,sprint,finally,especially,time,turn,give,another,chance,head,indeed,cell,next,time,stop,got,take,set,yet,stop,hoping,make,thing,attempt,update,problem,update,could,might,check,need,make,update,stop,area,next,cell,sprint,finally,especially,time,turn,give,another,chance,head,indeed,cell,next,time,stop,got,take,set,yet,stop,hoping,make,thing,attempt,update,problem,update,could,might,check,need,make,update,stop,area,next,cell,sprint,finally,especially,time,turn,give,another,chance,head,indeed,cell,next,time,stop,got,take,set,yet
stop,hoping,make,thing,attempt,update,problem,update,could,might,check,need,make,update,stop,area,next,cell,sprint,finally,especially,time,turn,give,another,chance,head,indeed,cell,next,time,stop,got,take,set,yet,stop,hoping,make,thing,attempt,update,problem,update,could,might,check,need,make,update,stop,area,next,cell,sprint,finally,especially,time,turn,give,another,chance,head,indeed,cell,next,time,stop,got,take,set,yet,stop,hoping,make,thing,attempt,update,problem,update,could,might,check,need,make,update,stop,area,next,cell,sprint,finally,especially,time,turn,give,another,chance,head,indeed,cell,next,time,stop,got,take,set,yet,stop,hoping,make,thing,attempt,update,problem,update,could,might,check,need,make,update,stop,area,next,cell,sprint,finally,especially,time,turn,give,another,chance,head,indeed,cell,next,time,stop,got,take,set,yet,stop,hoping,make,thing,attempt,update,problem,update,could,might,check,need,make,update,stop,area,next,cell,sprint,finally,especially,time,turn,give,another,chance,head,indeed,cell,next,time,stop,got,take,set,yet,stop,hoping,make,thing,attempt,update,problem,update,could,might,check,need,make,update,stop,area,next,cell,sprint,finally,especially,time,turn,give,another,chance,head,indeed,cell,next,time,stop,got,take,set,yet,stop,hoping,make,thing,attempt,update,problem,update,could,might,check,need,make,update,stop,area,next,cell,sprint,finally,especially,time,turn,give,another,chance,head,indeed,cell,next,time,stop,got,take,set,yet,stop,hoping,make,thing,attempt,update,problem,update,could,might,check,need,make,update,stop,area,next,cell,sprint,finally,especially,time,turn,give,another,chance,head,indeed,cell,next,time,stop,got,take,set,yet
stop,hoping,make,thing,attempt,update,problem,update,could,might,check,need,make,update,stop,area,next,cell,sprint,finally,especially,time,turn,give,another,chance,head,indeed,cell,next,time,stop,got,take,set,yet,stop,hoping,make,thing,attempt,update,problem,update,could,might,check,need,make,update,stop,area,next,cell,sprint,finally,especially,time,turn,give,another,chance,head,indeed,cell,next,time,stop,got,take,set,yet,stop,hoping,make,thing,attempt,update,problem,update,could,might,check,need,make,update,stop,area,next,cell,sprint,finally,especially,time,turn,give,another,chance,head,indeed,cell,next,time,stop,got,take,set,yet,stop,hoping,make,thing,attempt,update,problem,update,could,might,check,need,make,update,stop,area,next,cell,sprint,finally,especially,time,turn,give,another,chance,head,indeed,cell,next,time,stop,got,take,set,yet,stop,hoping,make,thing,attempt,update,problem,update,could,might,check,need,make,update,stop,area,next,cell,sprint,finally,especially,time,turn,give,another,chance,head,indeed,cell,next,time,stop,got,take,set,yet,stop,hoping,make,thing,attempt,update,problem,update,could,might,check,need,make,update,stop,area,next,cell,sprint,finally,especially,time,turn,give,another,chance,head,indeed,cell,next,time,stop,got,take,set,yet,stop,hoping,make,thing,attempt,update,problem,update,could,might,check,need,make,update,stop,area,next,cell,sprint,finally,especially,time,turn,give,another,chance,head,indeed,cell,next,time,stop,got,take,set,yet,stop,hoping,make,thing,attempt,update,problem,update,could,might,check,need,make,update,stop,area,next,cell,sprint,finally,especially,time,turn,give,another,chance,head,indeed,cell,next,time,stop,got,take,set,yet,stop,hoping,make,thing,attempt,update,problem,update,could,might,check,need,make,update,stop,area,next,cell,sprint,finally,especially,time,turn,give,another,chance,head,indeed,cell,next,time,stop,got,take,set,yet,stop,hoping,make,thing,attempt,update,problem,update,could,might,check,need,make,update,stop,area,next,cell,sprint,finally,especially,time,turn,give,another,chance,head,indeed,cell,next,time,stop,got,take,set,yet
stop,hoping,make,thing,attempt,update,problem,update,could,might,check,need,make,update,stop,area,next,cell,sprint,finally,especially,time,turn,give,another,chance,head,indeed,cell,next,time,stop,got,take,set,yet,stop,hoping,make,thing,attempt,update,problem,update,could,might,check,need,make,update,stop,area,next,cell,sprint,finally,especially,time,turn,give,another,chance,head,indeed,cell,next,time,stop,got,take,set,yet,stop,hoping,make,thing,attempt,update,problem,update,could,might,check,need,make,update,stop,area,next,cell,sprint,finally,especially,time,turn,give,another,chance,head,indeed,cell,next,time,stop,got,take,set,yet,stop,hoping,make,thing,attempt,update,problem,update,could,might,check,need,make,update,stop,area,next,cell,sprint,finally,especially,time,turn,give,another,chance,head,indeed,cell,next,time,stop,got,take,set,yet,stop,hoping,make,thing,attempt,update,problem,update,could,might,check,need,make,update,stop,area,next,cell,sprint,finally,especially,time,turn,give,another,chance,head,indeed,cell,next,time,stop,got,take,set,yet,stop,hoping,make,thing,attempt,update,problem,update,could,might,check,need,make,update,stop,area,next,cell,sprint,finally,especially,time,turn,give,another,chance,head,indeed,cell,next,time,stop,got,take,set,yet,stop,hoping,make,thing,attempt,update,problem,update,could,might,check,need,make,update,stop,area,next,cell,sprint,finally,especially,time,turn,give,another,chance,head,indeed,cell,next,time,stop,got,take,set,yet,stop,hoping,make,thing,attempt,update,problem,update,could,might,check,need,make,update,stop,area,next,cell,sprint,finally,especially,time,turn,give,another,chance,head,indeed,cell,next,time,stop,got,take,set,yet,stop,hoping,make,thing,attempt,update,problem,update,could,might,check,need,make,update,stop,area,next,cell,sprint,finally,especially,time,turn,give,another,chance,head,indeed,cell,next,time,stop,got,take,set,yet,stop,hoping,make,thing,attempt,update,problem,update,could,might,check,need,make,update,stop,area,next,cell,sprint,finally,especially,time,turn,give,another,chance,head,indeed,cell,next,time,stop,got,take,set,yet,stop,hoping,make,thing,attempt,update,problem,update,could,might,check,need,make,update,stop,area,next,cell,sprint,finally,especially,time,turn,give,another,chance,head,indeed,cell,next,time,stop,got,take,set,yet,stop,hoping,make,thing,attempt,update,problem,update,could,might,check,need,make,update,stop,area,next,cell,sprint,finally,especially,time,turn,give,another,chance,head,indeed,cell,next,time,stop,got,take,set,yet
stop,hoping,make,thing,attempt,update,problem,update,could,might,check,need,make,update,stop,area,next,cell,sprint,finally,especially,time,turn,give,another,chance,head,indeed,cell,next,time,stop,got,take,set,yet,stop,hoping,make,thing,attempt,update,problem,update,could,might,check,need,make,update,stop,area,next,cell,sprint,finally,especially,time,turn,give,another,chance,head,indeed,cell,next,time,stop,got,take,set,yet,stop,hoping,make,thing,attempt,update,problem,update,could,might,check,need,make,update,stop,area,next,cell,sprint,finally,especially,time,turn,give,another,chance,head,indeed,cell,next,time,stop,got,take,set,yet,stop,hoping,make,thing,attempt,update,problem,update,could,might,check,need,make,update,stop,area,next,cell,sprint,finally,especially,time,turn,give,another,chance,head,indeed,cell,next,time,stop,got,take,set,yet,stop,hoping,make,thing,attempt,update,problem,update,could,might,check,need,make,update,stop,area,next,cell,sprint,finally,especially,time,turn,give,another,chance,head,indeed,cell,next,time,stop,got,take,set,yet,stop,hoping,make,thing,attempt,update,problem,update,could,might,check,need,make,update,stop,area,next,cell,sprint,finally,especially,time,turn,give,another,chance,head,indeed,cell,next,time,stop,got,take,set,yet,stop,hoping,make,thing,attempt,update,problem,update,could,might,check,need,make,update,stop,area,next,cell,sprint,finally,especially,time,turn,give,another,chance,head,indeed,cell,next,time,stop,got,take,set,yet,stop,hoping,make,thing,attempt,update,problem,update,could,might,check,need,make,update,stop,area,next,cell,sprint,finally,especially,time,turn,give,another,chance,head,indeed,cell,next,time,stop,got,take,set,yet,stop,hoping,make,thing,attempt,update,problem,update,could,might,check,need,make,update,stop,area,next,cell,sprint,finally,especially,time,turn,give,another,chance,head,indeed,cell,next,time,stop,got,take,set,yet,stop,hoping,make,thing,attempt,update,problem,update,could,might,check,need,make,update,stop,area,next,cell,sprint,finally,especially,time,turn,give,another,chance,head,indeed,cell,next,time,stop,got,take,set,yet,stop,hoping,make,thing,attempt,update,problem,update,could,might,check,need,make,update,stop,area,next,cell,sprint,finally,especially,time,turn,give,another,chance,head,indeed,cell,next,time,stop,got,take,set,yet,stop,hoping,make,thing,attempt,update,problem,update,could,might,check,need,make,update,stop,area,next,cell,sprint,finally,especially,time,turn,give,another,chance,head,indeed,cell,next,time,stop,got,take,set,yet,stop,hoping,make,thing,attempt,update,problem,update,could,might,check,need,make,update,stop,area,next,cell,sprint,finally,especially,time,turn,give,another,chance,head,indeed,cell,next,time,stop,got,take,set,yet,stop,hoping,make,thing,attempt,update,problem,update,could,might,check,need,make,update,stop,area,next,cell,sprint,finally,especially,time,turn,give,another,chance,head,indeed,cell,next,time,stop,got,take,set,yet
stop,hoping,make,thing,attempt,update,problem,update,could,might,check,need,make,update,stop,area,next,cell,sprint,finally,especially,time,turn,give,another,chance,head,indeed,cell,next,time,stop,got,take,set,yet,stop,hoping,make,thing,attempt,update,problem,update,could,might,check,need,make,update,stop,area,next,cell,sprint,finally,especially,time,turn,give,another,chance,head,indeed,cell,next,time,stop,got,take,set,yet,stop,hoping,make,thing,attempt,update,problem,update,could,might,check,need,make,update,stop,area,next,cell,sprint,finally,especially,time,turn,give,another,chance,head,indeed,cell,next,time,stop,got,take,set,yet,stop,hoping,make,thing,attempt,update,problem,update,could,might,check,need,make,update,stop,area,next,cell,sprint,finally,especially,time,turn,give,another,chance,head,indeed,cell,next,time,stop,got,take,set,yet,stop,hoping,make,thing,attempt,update,problem,update,could,might,check,need,make,update,stop,area,next,cell,sprint,finally,especially,time,turn,give,another,chance,head,indeed,cell,next,time,stop,got,take,set,yet,stop,hoping,make,thing,attempt,update,problem,update,could,might,check,need,make,update,stop,area,next,cell,sprint,finally,especially,time,turn,give,another,chance,head,indeed,cell,next,time,stop,got,take,set,yet,stop,hoping,make,thing,attempt,update,problem,update,could,might,check,need,make,update,stop,area,next,cell,sprint,finally,especially,time,turn,give,another,chance,head,indeed,cell,next,time,stop,got,take,set,yet,stop,hoping,make,thing,attempt,update,problem,update,could,might,check,need,make,update,stop,area,next,cell,sprint,finally,especially,time,turn,give,another,chance,head,indeed,cell,next,time,stop,got,take,set,yet,stop,hoping,make,thing,attempt,update,problem,update,could,might,check,need,make,update,stop,area,next,cell,sprint,finally,especially,time,turn,give,another,chance,head,indeed,cell,next,time,stop,got,take,set,yet,stop,hoping,make,thing,attempt,update,problem,update,could,might,check,need,make,update,stop,area,next,cell,sprint,finally,especially,time,turn,give,another,chance,head,indeed,cell,next,time,stop,got,take,set,yet,stop,hoping,make,thing,attempt,update,problem,update,could,might,check,need,make,update,stop,area,next,cell,sprint,finally,especially,time,turn,give,another,chance,head,indeed,cell,next,time,stop,got,take,set,yet,stop,hoping,make,thing,attempt,update,problem,update,could,might,check,need,make,update,stop,area,next,cell,sprint,finally,especially,time,turn,give,another,chance,head,indeed,cell,next,time,stop,got,take,set,yet,stop,hoping,make,thing,attempt,update,problem,update,could,might,check,need,make,update,stop,area,next,cell,sprint,finally,especially,time,turn,give,another,chance,head,indeed,cell,next,time,stop,got,take,set,yet,stop,hoping,make,thing,attempt,update,problem,update,could,might,check,need,make,update,stop,area,next,cell,sprint,finally,especially,time,turn,give,another,chance,head,indeed,cell,next,time,stop,got,take,set,yet,stop,hoping,make,thing,attempt,update,problem,update,could,might,check,need,make,update,stop,area,next,cell,sprint,finally,especially,time,turn,give,another,chance,head,indeed,cell,next,time,stop,got,take,set,yet,stop,hoping,make,thing,attempt,update,problem,update,could,might,check,need,make,update,stop,area,next,cell,sprint,finally,especially,time,turn,give,another,chance,head,indeed,cell,next,time,stop,got,take,set,yet
stop,hoping,make,thing,attempt,update,problem,update,could,might,check,need,make,update,stop,area,next,cell,sprint,finally,especially,time,turn,give,another,chance,head,indeed,cell,next,time,stop,got,take,set,yet,stop,hoping,make,thing,attempt,update,problem,update,could,might,check,need,make,update,stop,area,next,cell,sprint,finally,especially,time,turn,give,another,chance,head,indeed,cell,next,time,stop,got,take,set,yet,stop,hoping,make,thing,attempt,update,problem,update,could,might,check,need,make,update,stop,area,next,cell,sprint,finally,especially,time,turn,give,another,chance,head,indeed,cell,next,time,stop,got,take,set,yet,stop,hoping,make,thing,attempt,update,problem,update,could,might,check,need,make,update,stop,area,next,cell,sprint,finally,especially,time,turn,give,another,chance,head,indeed,cell,next,time,stop,got,take,set,yet,stop,hoping,make,thing,attempt,update,problem,update,could,might,check,need,make,update,stop,area,next,cell,sprint,finally,especially,time,turn,give,another,chance,head,indeed,cell,next,time,stop,got,take,set,yet,stop,hoping,make,thing,attempt,update,problem,update,could,might,check,need,make,update,stop,area,next,cell,sprint,finally,especially,time,turn,give,another,chance,head,indeed,cell,next,time,stop,got,take,set,yet,stop,hoping,make,thing,attempt,update,problem,update,could,might,check,need,make,update,stop,area,next,cell,sprint,finally,especially,time,turn,give,another,chance,head,indeed,cell,next,time,stop,got,take,set,yet,stop,hoping,make,thing,attempt,update,problem,update,could,might,check,need,make,update,stop,area,next,cell,sprint,finally,especially,time,turn,give,another,chance,head,indeed,cell,next,time,stop,got,take,set,yet,stop,hoping,make,thing,attempt,update,problem,update,could,might,check,need,make,update,stop,area,next,cell,sprint,finally,especially,time,turn,give,another,chance,head,indeed,cell,next,time,stop,got,take,set,yet,stop,hoping,make,thing,attempt,update,problem,update,could,might,check,need,make,update,stop,area,next,cell,sprint,finally,especially,time,turn,give,another,chance,head,indeed,cell,next,time,stop,got,take,set,yet,stop,hoping,make,thing,attempt,update,problem,update,could,might,check,need,make,update,stop,area,next,cell,sprint,finally,especially,time,turn,give,another,chance,head,indeed,cell,next,time,stop,got,take,set,yet,stop,hoping,make,thing,attempt,update,problem,update,could,might,check,need,make,update,stop,area,next,cell,sprint,finally,especially,time,turn,give,another,chance,head,indeed,cell,next,time,stop,got,take,set,yet,stop,hoping,make,thing,attempt,update,problem,update,could,might,check,need,make,update,stop,area,next,cell,sprint,finally,especially,time,turn,give,another,chance,head,indeed,cell,next,time,stop,got,take,set,yet,stop,hoping,make,thing,attempt,update,problem,update,could,might,check,need,make,update,stop,area,next,cell,sprint,finally,especially,time,turn,give,another,chance,head,indeed,cell,next,time,stop,got,take,set,yet,stop,hoping,make,thing,attempt,update,problem,update,could,might,check,need,make,update,stop,area,next,cell,sprint,finally,especially,time,turn,give,another,chance,head,indeed,cell,next,time,stop,got,take,set,yet,stop,hoping,make,thing,attempt,update,problem,update,could,might,check,need,make,update,stop,area,next,cell,sprint,finally,especially,time,turn,give,another,chance,head,indeed,cell,next,time,stop,got,take,set,yet,stop,hoping,make,thing,attempt,update,problem,update,could,might,check,need,make,update,stop,area,next,cell,sprint,finally,especially,time,turn,give,another,chance,head,indeed,cell,next,time,stop,got,take,set,yet,stop,hoping,make,thing,attempt,update,problem,update,could,might,check,need,make,update,stop,area,next,cell,sprint,finally,especially,time,turn,give,another,chance,head,indeed,cell,next,time,stop,got,take,set,yet
stop,hoping,make,thing,attempt,update,problem,update,could,might,check,need,make,update,stop,area,next,cell,sprint,finally,especially,time,turn,give,another,chance,head,indeed,cell,next,time,stop,got,take,set,yet,stop,hoping,make,thing,attempt,update,problem,update,could,might,check,need,make,update,stop,area,next,cell,sprint,finally,especially,time,turn,give,another,chance,head,indeed,cell,next,time,stop,got,take,set,yet,stop,hoping,make,thing,attempt,update,problem,update,could,might,check,need,make,update,stop,area,next,cell,sprint,finally,especially,time,turn,give,another,chance,head,indeed,cell,next,time,stop,got,take,set,yet,stop,hoping,make,thing,attempt,update,problem,update,could,might,check,need,make,update,stop,area,next,cell,sprint,finally,especially,time,turn,give,another,chance,head,indeed,cell,next,time,stop,got,take,set,yet,stop,hoping,make,thing,attempt,update,problem,update,could,might,check,need,make,update,stop,area,next,cell,sprint,finally,especially,time,turn,give,another,chance,head,indeed,cell,next,time,stop,got,take,set,yet,stop,hoping,make,thing,attempt,update,problem,update,could,might,check,need,make,update,stop,area,next,cell,sprint,finally,especially,time,turn,give,another,chance,head,indeed,cell,next,time,stop,got,take,set,yet,stop,hoping,make,thing,attempt,update,problem,update,could,might,check,need,make,update,stop,area,next,cell,sprint,finally,especially,time,turn,give,another,chance,head,indeed,cell,next,time,stop,got,take,set,yet,stop,hoping,make,thing,attempt,update,problem,update,could,might,check,need,make,update,stop,area,next,cell,sprint,finally,especially,time,turn,give,another,chance,head,indeed,cell,next,time,stop,got,take,set,yet,stop,hoping,make,thing,attempt,update,problem,update,could,might,check,need,make,update,stop,area,next,cell,sprint,finally,especially,time,turn,give,another,chance,head,indeed,cell,next,time,stop,got,take,set,yet,stop,hoping,make,thing,attempt,update,problem,update,could,might,check,need,make,update,stop,area,next,cell,sprint,finally,especially,time,turn,give,another,chance,head,indeed,cell,next,time,stop,got,take,set,yet,stop,hoping,make,thing,attempt,update,problem,update,could,might,check,need,make,update,stop,area,next,cell,sprint,finally,especially,time,turn,give,another,chance,head,indeed,cell,next,time,stop,got,take,set,yet,stop,hoping,make,thing,attempt,update,problem,update,could,might,check,need,make,update,stop,area,next,cell,sprint,finally,especially,time,turn,give,another,chance,head,indeed,cell,next,time,stop,got,take,set,yet,stop,hoping,make,thing,attempt,update,problem,update,could,might,check,need,make,update,stop,area,next,cell,sprint,finally,especially,time,turn,give,another,chance,head,indeed,cell,next,time,stop,got,take,set,yet,stop,hoping,make,thing,attempt,update,problem,update,could,might,check,need,make,update,stop,area,next,cell,sprint,finally,especially,time,turn,give,another,chance,head,indeed,cell,next,time,stop,got,take,set,yet,stop,hoping,make,thing,attempt,update,problem,update,could,might,check,need,make,update,stop,area,next,cell,sprint,finally,especially,time,turn,give,another,chance,head,indeed,cell,next,time,stop,got,take,set,yet,stop,hoping,make,thing,attempt,update,problem,update,could,might,check,need,make,update,stop,area,next,cell,sprint,finally,especially,time,turn,give,another,chance,head,indeed,cell,next,time,stop,got,take,set,yet,stop,hoping,make,thing,attempt,update,problem,update,could,might,check,need,make,update,stop,area,next,cell,sprint,finally,especially,time,turn,give,another,chance,head,indeed,cell,next,time,stop,got,take,set,yet,stop,hoping,make,thing,attempt,update,problem,update,could,might,check,need,make,update,stop,area,next,cell,sprint,finally,especially,time,turn,give,another,chance,head,indeed,cell,next,time,stop,got,take,set,yet,stop,hoping,make,thing,attempt,update,problem,update,could,might,check,need,make,update,stop,area,next,cell,sprint,finally,especially,time,turn,give,another,chance,head,indeed,cell,next,time,stop,got,take,set,yet,stop,hoping,make,thing,attempt,update,problem,update,could,might,check,need,make,update,stop,area,next,cell,sprint,finally,especially,time,turn,give,another,chance,head,indeed,cell,next,time,stop,got,take,set,yet
finally,take,problem,take,go,things,find,make,even,end,still,problem,heating,problems,finally,things,go,finally,take,problem,take,go,things,find,make,even,end,still,problem,heating,problems,finally,things,go
